Accident_ID,State,City,Weather,Road_Type,Road_Surface,Light_Condition,Vehicle_Type,Driver_Age,Driver_Gender,Alcohol,Speed_Limit,Time,Day,Month,Casualties,Latitude,Longitude,Severity
ACC0001,Madhya Pradesh,Indore,Clear,Expressway,Dry,Daylight,Two-Wheeler,55,Female,Yes,100,06:14,Friday,October,2,22.6574,75.8963,Fatal
ACC0002,Rajasthan,Jaipur,Foggy,City Road,Wet,Daylight,LCV,55,Male,No,40,05:44,Thursday,June,1,26.8642,75.8113,Minor
ACC0003,Tamil Nadu,Madurai,Clear,National Highway,Slippery,Daylight,Bus,40,Male,No,100,14:34,Monday,July,1,9.8797,78.162,Serious
ACC0004,Rajasthan,Jaipur,Sunny,State Highway,Gravel,Daylight,Two-Wheeler,20,Male,No,60,07:55,Monday,July,1,26.8793,75.8079,Minor
ACC0005,Gujarat,Ahmedabad,Clear,State Highway,Dry,Night - Street Lights On,Two-Wheeler,56,Male,No,70,12:17,Saturday,December,2,23.0442,72.5498,Minor
ACC0006,Uttar Pradesh,Varanasi,Sunny,National Highway,Dry,Daylight,Bus,43,Male,Yes,100,22:20,Tuesday,November,5,25.3471,83.0288,Fatal
ACC0007,Kerala,Kochi,Clear,State Highway,Dry,Daylight,Heavy Truck,65,Female,No,70,11:14,Tuesday,September,1,9.9927,76.2902,Minor
ACC0008,Maharashtra,Nagpur,Clear,Expressway,Under Construction,Night - Darkness,Two-Wheeler,42,Female,No,120,17:55,Monday,November,2,21.1867,79.146,Fatal
ACC0009,Telangana,Hyderabad,Sunny,State Highway,Dry,Night - Street Lights On,Auto-Rickshaw,28,Female,Yes,80,23:16,Friday,March,2,17.4466,78.5268,Minor
ACC0010,Jammu and Kashmir,Srinagar,Sunny,Rural Road,Gravel,Daylight,Car,41,Male,No,60,00:38,Wednesday,August,0,34.0207,74.8173,Minor
ACC0011,Tamil Nadu,Chennai,Sunny,State Highway,Dry,Daylight,Car,54,Male,Yes,70,02:48,Friday,March,0,13.1514,80.3313,Minor
ACC0012,Telangana,Hyderabad,Clear,Rural Road,Gravel,Night - Darkness,Car,52,Male,No,60,20:23,Thursday,September,1,17.381,78.4947,Minor
ACC0013,Tamil Nadu,Chennai,Clear,Rural Road,Gravel,Daylight,Car,18,Male,No,40,07:04,Monday,June,0,13.0424,80.2009,Minor
ACC0014,West Bengal,Kolkata,Clear,Rural Road,Dry,Twilight/Dusk,LCV,33,Female,No,40,03:06,Saturday,July,1,22.5307,88.3909,Minor
ACC0015,Kerala,Thiruvananthapuram,Clear,National Highway,Dry,Night - Darkness,Bus,24,Male,Yes,100,14:08,Thursday,March,4,8.5099,76.9948,Fatal
ACC0016,Gujarat,Ahmedabad,Heavy Rain,Rural Road,Slippery,Daylight,Two-Wheeler,59,Male,No,40,05:26,Thursday,August,0,22.9825,72.6391,Minor
ACC0017,Assam,Guwahati,Heavy Rain,National Highway,Slippery,Night - Darkness,Heavy Truck,47,Male,No,100,21:45,Thursday,March,3,26.1287,91.6656,Fatal
ACC0018,Karnataka,Bengaluru,Mist,Rural Road,Wet,Daylight,Bus,21,Male,No,60,16:10,Monday,September,0,12.9264,77.524,Minor
ACC0019,Assam,Guwahati,Mist,Expressway,Wet,Night - Darkness,Two-Wheeler,54,Male,Yes,100,13:42,Friday,October,6,26.0942,91.7514,Fatal
ACC0020,Karnataka,Mysuru,Mist,State Highway,Wet,Daylight,Heavy Truck,43,Male,No,70,14:20,Sunday,February,0,12.3654,76.5921,Minor
ACC0021,Gujarat,Ahmedabad,Clear,National Highway,Gravel,Daylight,Heavy Truck,26,Male,No,80,11:18,Tuesday,August,3,23.0419,72.5815,Serious
ACC0022,Punjab,Ludhiana,Sunny,Rural Road,Dry,Twilight/Dusk,Heavy Truck,60,Male,No,40,08:07,Monday,December,2,30.8694,75.9347,Minor
ACC0023,Tamil Nadu,Madurai,Mist,State Highway,Wet,Daylight,Heavy Truck,50,Female,No,60,02:40,Thursday,May,0,9.8888,78.1366,Minor
ACC0024,Maharashtra,Mumbai,Clear,Expressway,Under Construction,Night - Darkness,Auto-Rickshaw,53,Male,Yes,100,17:02,Sunday,June,6,19.0494,72.8186,Fatal
ACC0025,Rajasthan,Jaipur,Clear,State Highway,Dry,Night - Street Lights On,Car,61,Male,No,80,13:39,Saturday,March,0,26.8561,75.7277,Minor
ACC0026,Assam,Guwahati,Clear,City Road,Dry,Daylight,Bus,44,Male,No,60,03:24,Sunday,January,1,26.0905,91.7842,Minor
ACC0027,Uttar Pradesh,Varanasi,Clear,State Highway,Dry,Daylight,Two-Wheeler,60,Male,No,70,02:49,Wednesday,June,2,25.2695,83.0409,Minor
ACC0028,West Bengal,Kolkata,Foggy,State Highway,Wet,Daylight,Two-Wheeler,34,Male,No,70,01:06,Friday,July,1,22.5565,88.4409,Minor
ACC0029,Punjab,Amritsar,Foggy,National Highway,Wet,Night - Darkness,Car,34,Male,Yes,100,21:46,Saturday,December,3,31.6798,74.8621,Fatal
ACC0030,Delhi,New Delhi,Clear,Rural Road,Wet,Daylight,Heavy Truck,50,Male,No,50,12:44,Wednesday,September,0,28.6029,77.2808,Minor
ACC0031,Uttar Pradesh,Lucknow,Mist,Expressway,Wet,Twilight/Dusk,Heavy Truck,43,Male,No,100,13:50,Friday,October,3,26.834,81.0167,Serious
ACC0032,Karnataka,Mysuru,Clear,Rural Road,Slippery,Daylight,Two-Wheeler,36,Male,Yes,40,21:19,Tuesday,April,1,12.2902,76.6301,Serious
ACC0033,Maharashtra,Mumbai,Foggy,National Highway,Wet,Night - Darkness,Auto-Rickshaw,58,Male,No,90,07:09,Saturday,December,2,19.0034,72.9551,Fatal
ACC0034,Uttarakhand,Dehradun,Clear,City Road,Dry,Daylight,LCV,21,Male,No,40,14:08,Sunday,August,2,30.3567,78.0754,Minor
ACC0035,West Bengal,Kolkata,Sunny,City Road,Gravel,Twilight/Dusk,Auto-Rickshaw,53,Female,No,60,15:28,Wednesday,April,2,22.6507,88.3792,Minor
ACC0036,Uttar Pradesh,Kanpur,Mist,Expressway,Wet,Night - Street Lights On,LCV,22,Male,Yes,120,10:57,Friday,February,3,26.4924,80.3353,Fatal
ACC0037,Tamil Nadu,Madurai,Mist,Expressway,Wet,Daylight,Auto-Rickshaw,44,Male,No,120,01:13,Sunday,July,2,9.8822,78.1508,Serious
ACC0038,Uttarakhand,Dehradun,Clear,Rural Road,Slippery,Night - Darkness,Two-Wheeler,40,Male,No,50,17:47,Saturday,September,2,30.3597,78.1036,Minor
ACC0039,Uttarakhand,Dehradun,Heavy Rain,City Road,Slippery,Daylight,Auto-Rickshaw,39,Female,No,50,04:39,Friday,January,1,30.2718,77.9873,Minor
ACC0040,Rajasthan,Udaipur,Mist,City Road,Wet,Daylight,LCV,29,Male,No,50,06:29,Wednesday,June,1,24.5957,73.6368,Minor
ACC0041,Uttar Pradesh,Kanpur,Clear,National Highway,Slippery,Daylight,Two-Wheeler,40,Male,No,100,01:48,Monday,April,1,26.4902,80.385,Serious
ACC0042,Odisha,Bhubaneswar,Clear,City Road,Under Construction,Daylight,Car,47,Male,No,40,19:38,Saturday,December,0,20.2194,85.7689,Minor
ACC0043,Haryana,Gurugram,Clear,Rural Road,Dry,Night - Street Lights On,Auto-Rickshaw,43,Male,Yes,60,20:15,Monday,December,1,28.5106,77.101,Minor
ACC0044,Assam,Guwahati,Sunny,Rural Road,Dry,Night - Street Lights On,Auto-Rickshaw,60,Male,Yes,60,10:00,Sunday,July,1,26.174,91.7851,Minor
ACC0045,Tamil Nadu,Chennai,Sunny,City Road,Under Construction,Daylight,Auto-Rickshaw,29,Male,No,60,15:29,Thursday,December,2,13.0721,80.2487,Minor
ACC0046,Uttar Pradesh,Kanpur,Clear,State Highway,Slippery,Daylight,LCV,54,Female,No,70,10:11,Thursday,April,1,26.4215,80.2912,Minor
ACC0047,Bihar,Patna,Foggy,State Highway,Wet,Twilight/Dusk,Two-Wheeler,51,Male,Yes,80,13:31,Friday,April,3,25.5554,85.1023,Serious
ACC0048,Gujarat,Surat,Sunny,National Highway,Dry,Night - Street Lights On,Car,43,Male,Yes,100,11:30,Friday,September,4,21.1935,72.8296,Fatal
ACC0049,Kerala,Thiruvananthapuram,Clear,City Road,Wet,Night - Street Lights On,Heavy Truck,32,Male,No,60,17:48,Saturday,March,0,8.6036,76.9447,Minor
ACC0050,Uttar Pradesh,Lucknow,Foggy,Rural Road,Wet,Twilight/Dusk,Heavy Truck,24,Male,No,50,05:19,Monday,December,3,26.8849,80.9104,Serious
ACC0051,Tamil Nadu,Madurai,Foggy,State Highway,Wet,Daylight,LCV,24,Male,No,70,15:28,Wednesday,March,0,9.8891,78.1957,Minor
ACC0052,Uttar Pradesh,Kanpur,Sunny,National Highway,Slippery,Night - Darkness,Two-Wheeler,54,Male,Yes,100,09:05,Tuesday,February,6,26.5205,80.3283,Fatal
ACC0053,Haryana,Gurugram,Foggy,Expressway,Wet,Twilight/Dusk,Auto-Rickshaw,46,Female,No,120,09:36,Friday,January,3,28.4461,77.042,Serious
ACC0054,Punjab,Amritsar,Mist,Expressway,Wet,Night - Street Lights On,Two-Wheeler,28,Male,Yes,100,05:00,Thursday,August,6,31.5699,74.9143,Fatal
ACC0055,Gujarat,Surat,Mist,State Highway,Wet,Night - Darkness,Two-Wheeler,61,Male,No,80,18:42,Sunday,April,1,21.1368,72.7881,Minor
ACC0056,Tamil Nadu,Chennai,Clear,Expressway,Dry,Daylight,Car,37,Male,No,120,22:19,Saturday,July,2,13.0898,80.2943,Serious
ACC0057,West Bengal,Kolkata,Foggy,National Highway,Wet,Night - Darkness,Bus,56,Male,Yes,80,21:53,Sunday,October,6,22.579,88.3539,Fatal
ACC0058,Maharashtra,Mumbai,Clear,Rural Road,Dry,Daylight,LCV,51,Female,No,40,18:27,Saturday,August,0,19.1559,72.9053,Minor
ACC0059,Gujarat,Surat,Mist,National Highway,Wet,Daylight,Bus,44,Female,No,90,17:02,Thursday,February,2,21.1459,72.8044,Serious
ACC0060,Uttar Pradesh,Kanpur,Heavy Rain,Rural Road,Slippery,Daylight,LCV,44,Male,No,50,19:48,Thursday,November,1,26.4216,80.4071,Minor
ACC0061,Haryana,Gurugram,Clear,State Highway,Slippery,Night - Darkness,Two-Wheeler,19,Male,No,60,17:26,Monday,April,0,28.3878,76.9893,Minor
ACC0062,Gujarat,Ahmedabad,Clear,City Road,Under Construction,Night - Street Lights On,Heavy Truck,44,Female,No,60,04:24,Tuesday,October,2,23.094,72.595,Minor
ACC0063,Punjab,Amritsar,Clear,City Road,Wet,Twilight/Dusk,Heavy Truck,18,Male,No,60,18:42,Thursday,March,1,31.6947,74.9305,Minor
ACC0064,Rajasthan,Jaipur,Sunny,Rural Road,Slippery,Night - Darkness,Bus,30,Male,No,50,01:20,Saturday,August,3,26.9099,75.7605,Serious
ACC0065,Jammu and Kashmir,Srinagar,Mist,Expressway,Wet,Night - Darkness,Two-Wheeler,26,Male,No,120,03:33,Thursday,January,3,34.1335,74.7791,Fatal
ACC0066,Kerala,Thiruvananthapuram,Clear,City Road,Wet,Night - Street Lights On,Auto-Rickshaw,59,Male,No,60,12:20,Saturday,December,1,8.5834,77.0118,Minor
ACC0067,Assam,Guwahati,Clear,State Highway,Dry,Daylight,Auto-Rickshaw,24,Male,No,80,09:57,Monday,January,1,26.1511,91.755,Minor
ACC0068,Bihar,Patna,Heavy Rain,Expressway,Slippery,Daylight,Auto-Rickshaw,54,Male,No,100,19:55,Thursday,October,3,25.5231,85.115,Serious
ACC0069,Uttar Pradesh,Varanasi,Clear,City Road,Under Construction,Night - Street Lights On,LCV,34,Male,No,50,21:34,Tuesday,February,1,25.3172,82.9872,Minor
ACC0070,Delhi,New Delhi,Heavy Rain,State Highway,Slippery,Night - Darkness,Heavy Truck,30,Female,No,70,18:22,Friday,May,3,28.6919,77.1769,Serious
ACC0071,Karnataka,Bengaluru,Heavy Rain,State Highway,Slippery,Daylight,Two-Wheeler,56,Female,No,70,07:38,Sunday,June,0,12.8951,77.6474,Minor
ACC0072,Madhya Pradesh,Indore,Sunny,Expressway,Under Construction,Daylight,Two-Wheeler,37,Female,Yes,120,23:08,Monday,May,4,22.67,75.8178,Fatal
ACC0073,Punjab,Amritsar,Sunny,Rural Road,Wet,Twilight/Dusk,Heavy Truck,28,Male,No,50,09:47,Sunday,June,0,31.6205,74.8244,Minor
ACC0074,Gujarat,Ahmedabad,Clear,City Road,Gravel,Night - Street Lights On,Two-Wheeler,43,Male,Yes,40,14:23,Saturday,December,3,23.0966,72.5139,Serious
ACC0075,Uttar Pradesh,Kanpur,Clear,National Highway,Under Construction,Daylight,LCV,19,Male,No,80,20:04,Saturday,August,2,26.4634,80.3835,Minor
ACC0076,Karnataka,Bengaluru,Clear,National Highway,Wet,Night - Darkness,Two-Wheeler,24,Male,No,90,11:42,Saturday,December,6,12.9955,77.5333,Fatal
ACC0077,Kerala,Thiruvananthapuram,Heavy Rain,National Highway,Slippery,Night - Darkness,Auto-Rickshaw,35,Male,No,90,07:54,Wednesday,February,4,8.5381,76.9729,Fatal
ACC0078,Rajasthan,Jaipur,Clear,City Road,Wet,Daylight,Two-Wheeler,47,Male,No,60,20:38,Monday,January,1,26.9767,75.8105,Minor
ACC0079,Uttar Pradesh,Varanasi,Clear,National Highway,Gravel,Daylight,Car,32,Male,No,100,00:17,Sunday,March,1,25.3958,83.0198,Serious
ACC0080,Rajasthan,Jaipur,Mist,National Highway,Wet,Daylight,Two-Wheeler,40,Male,No,80,05:16,Monday,March,2,26.8725,75.7352,Minor
ACC0081,Kerala,Thiruvananthapuram,Heavy Rain,City Road,Slippery,Night - Street Lights On,Two-Wheeler,46,Male,Yes,60,16:19,Thursday,November,1,8.5283,76.9759,Serious
ACC0082,Maharashtra,Pune,Heavy Rain,National Highway,Slippery,Night - Darkness,LCV,22,Male,Yes,80,02:08,Wednesday,October,6,18.6002,73.9123,Fatal
ACC0083,Rajasthan,Jaipur,Foggy,Rural Road,Wet,Night - Street Lights On,LCV,50,Female,Yes,60,03:54,Saturday,November,3,26.9463,75.7682,Serious
ACC0084,Punjab,Amritsar,Clear,City Road,Wet,Night - Darkness,Auto-Rickshaw,44,Male,Yes,50,21:16,Wednesday,March,3,31.6925,74.8611,Serious
ACC0085,Jammu and Kashmir,Srinagar,Clear,National Highway,Slippery,Daylight,Bus,26,Male,No,100,17:21,Saturday,February,2,34.0796,74.7319,Serious
ACC0086,Delhi,New Delhi,Heavy Rain,National Highway,Slippery,Night - Street Lights On,Heavy Truck,40,Male,No,100,15:14,Sunday,February,4,28.6737,77.2796,Fatal
ACC0087,Assam,Guwahati,Clear,Rural Road,Dry,Night - Darkness,Two-Wheeler,56,Male,Yes,50,22:48,Wednesday,June,2,26.1535,91.6746,Serious
ACC0088,Maharashtra,Mumbai,Mist,City Road,Wet,Daylight,Car,65,Male,Yes,60,06:24,Thursday,August,1,19.025,72.8206,Minor
ACC0089,Tamil Nadu,Coimbatore,Sunny,Rural Road,Gravel,Daylight,Two-Wheeler,27,Male,No,40,21:05,Wednesday,August,2,10.996,76.9913,Minor
ACC0090,Kerala,Thiruvananthapuram,Clear,Expressway,Gravel,Daylight,Bus,45,Male,No,120,16:42,Wednesday,January,1,8.5218,76.9273,Serious
ACC0091,Kerala,Kochi,Clear,State Highway,Dry,Daylight,Heavy Truck,36,Male,No,70,23:27,Tuesday,March,1,10.0087,76.1961,Minor
ACC0092,Rajasthan,Jaipur,Sunny,State Highway,Dry,Night - Darkness,Two-Wheeler,45,Male,Yes,70,18:27,Friday,July,3,26.945,75.7873,Serious
ACC0093,Madhya Pradesh,Indore,Clear,State Highway,Dry,Twilight/Dusk,LCV,62,Male,Yes,60,07:27,Friday,July,2,22.7064,75.7961,Minor
ACC0094,Maharashtra,Nagpur,Clear,Expressway,Wet,Daylight,Two-Wheeler,50,Male,No,100,11:22,Saturday,November,1,21.1291,79.0578,Serious
ACC0095,Uttar Pradesh,Varanasi,Clear,Rural Road,Dry,Daylight,Car,58,Female,No,60,18:28,Saturday,October,2,25.254,82.9349,Minor
ACC0096,Madhya Pradesh,Indore,Mist,State Highway,Wet,Daylight,LCV,22,Female,No,70,08:37,Monday,June,2,22.7974,75.8294,Minor
ACC0097,Maharashtra,Nagpur,Clear,State Highway,Wet,Daylight,Two-Wheeler,57,Female,No,80,23:57,Monday,August,2,21.1155,79.0805,Minor
ACC0098,Madhya Pradesh,Indore,Foggy,Expressway,Wet,Daylight,LCV,24,Male,No,100,16:41,Tuesday,January,1,22.6697,75.8745,Serious
ACC0099,Punjab,Ludhiana,Foggy,Rural Road,Wet,Daylight,Bus,41,Male,No,50,21:38,Monday,November,3,30.891,75.8476,Serious
ACC0100,Karnataka,Mysuru,Mist,City Road,Wet,Night - Street Lights On,Heavy Truck,64,Male,Yes,60,21:09,Wednesday,May,3,12.2263,76.5745,Serious
ACC0101,Punjab,Ludhiana,Mist,National Highway,Wet,Night - Street Lights On,Auto-Rickshaw,59,Male,No,100,21:58,Friday,February,3,30.9269,75.7979,Serious
ACC0102,Telangana,Hyderabad,Clear,State Highway,Dry,Daylight,Bus,49,Male,No,60,04:04,Wednesday,February,2,17.3727,78.4646,Minor
ACC0103,Haryana,Gurugram,Foggy,National Highway,Wet,Night - Street Lights On,Car,56,Female,Yes,80,22:49,Friday,March,5,28.4659,77.0648,Fatal
ACC0104,Maharashtra,Pune,Clear,City Road,Gravel,Night - Street Lights On,LCV,32,Male,Yes,50,06:23,Saturday,October,1,18.5061,73.8849,Minor
ACC0105,Gujarat,Ahmedabad,Foggy,Rural Road,Wet,Night - Darkness,Car,30,Male,Yes,50,11:35,Monday,December,6,23.0656,72.6159,Fatal
ACC0106,Assam,Guwahati,Clear,State Highway,Slippery,Twilight/Dusk,Car,45,Male,No,60,14:56,Wednesday,January,1,26.0844,91.6696,Minor
ACC0107,Maharashtra,Pune,Heavy Rain,National Highway,Slippery,Night - Street Lights On,Car,19,Male,No,100,10:50,Tuesday,March,1,18.5038,73.8365,Serious
ACC0108,Karnataka,Bengaluru,Sunny,Expressway,Under Construction,Night - Darkness,LCV,57,Male,Yes,100,04:35,Saturday,October,6,13.0384,77.5902,Fatal
ACC0109,Kerala,Thiruvananthapuram,Clear,National Highway,Dry,Daylight,Auto-Rickshaw,58,Female,Yes,90,19:34,Monday,November,6,8.4619,76.9027,Fatal
ACC0110,Rajasthan,Udaipur,Heavy Rain,National Highway,Slippery,Twilight/Dusk,Bus,33,Female,No,100,02:33,Wednesday,February,6,24.5441,73.6555,Fatal
ACC0111,Rajasthan,Jaipur,Foggy,National Highway,Wet,Night - Darkness,LCV,20,Female,No,80,11:50,Monday,June,1,26.9136,75.8654,Serious
ACC0112,Punjab,Amritsar,Foggy,State Highway,Wet,Daylight,Two-Wheeler,40,Male,No,60,21:29,Saturday,August,2,31.6591,74.8089,Minor
ACC0113,Tamil Nadu,Coimbatore,Sunny,City Road,Dry,Night - Street Lights On,Car,20,Male,No,50,16:25,Sunday,September,1,11.0666,76.8859,Minor
ACC0114,Uttar Pradesh,Kanpur,Clear,State Highway,Dry,Night - Street Lights On,Heavy Truck,25,Male,No,70,12:21,Tuesday,August,2,26.3758,80.3554,Minor
ACC0115,Gujarat,Surat,Clear,National Highway,Under Construction,Night - Darkness,Two-Wheeler,45,Male,No,80,10:42,Wednesday,May,2,21.149,72.8787,Serious
ACC0116,Madhya Pradesh,Bhopal,Heavy Rain,State Highway,Slippery,Night - Darkness,Two-Wheeler,64,Male,No,80,01:04,Saturday,November,2,23.2947,77.3593,Serious
ACC0117,Delhi,New Delhi,Clear,National Highway,Dry,Twilight/Dusk,LCV,20,Male,Yes,100,11:23,Thursday,October,2,28.616,77.249,Fatal
ACC0118,Madhya Pradesh,Bhopal,Clear,State Highway,Slippery,Daylight,Car,51,Male,No,80,08:15,Monday,January,2,23.2045,77.4046,Minor
ACC0119,Tamil Nadu,Coimbatore,Foggy,National Highway,Wet,Night - Street Lights On,Heavy Truck,63,Female,Yes,100,09:44,Thursday,April,2,11.0166,76.9377,Fatal
ACC0120,Tamil Nadu,Madurai,Mist,City Road,Wet,Daylight,Bus,60,Male,No,60,17:18,Wednesday,March,2,9.9817,78.1121,Minor
ACC0121,Punjab,Ludhiana,Sunny,State Highway,Gravel,Daylight,Two-Wheeler,30,Male,No,70,00:23,Friday,October,1,30.9694,75.8793,Minor
ACC0122,Gujarat,Ahmedabad,Foggy,National Highway,Wet,Daylight,Heavy Truck,43,Female,No,90,18:04,Tuesday,June,2,23.0711,72.5797,Fatal
ACC0123,Gujarat,Ahmedabad,Clear,Rural Road,Under Construction,Twilight/Dusk,Car,26,Female,No,40,03:33,Tuesday,May,0,23.017,72.5742,Minor
ACC0124,Tamil Nadu,Coimbatore,Clear,Rural Road,Wet,Daylight,Heavy Truck,30,Male,No,50,19:34,Monday,September,2,10.9884,76.9893,Minor
ACC0125,Tamil Nadu,Coimbatore,Clear,Rural Road,Under Construction,Twilight/Dusk,Bus,54,Male,No,40,02:02,Saturday,October,1,11.0315,76.9687,Minor
ACC0126,Madhya Pradesh,Indore,Foggy,National Highway,Wet,Night - Darkness,Heavy Truck,59,Male,No,100,12:19,Thursday,February,2,22.6733,75.8692,Fatal
ACC0127,Tamil Nadu,Coimbatore,Clear,State Highway,Gravel,Daylight,Bus,63,Male,No,70,12:08,Sunday,June,2,11.0071,76.9533,Minor
ACC0128,Rajasthan,Jaipur,Clear,State Highway,Slippery,Daylight,Car,24,Male,No,70,19:26,Tuesday,March,1,26.8494,75.746,Minor
ACC0129,Jammu and Kashmir,Srinagar,Sunny,Expressway,Slippery,Twilight/Dusk,LCV,49,Male,No,100,12:32,Thursday,April,1,34.0961,74.7673,Serious
ACC0130,Rajasthan,Udaipur,Heavy Rain,Rural Road,Slippery,Night - Darkness,Heavy Truck,52,Male,No,50,23:23,Sunday,July,2,24.5619,73.6406,Serious
ACC0131,Maharashtra,Pune,Clear,State Highway,Gravel,Night - Street Lights On,Two-Wheeler,42,Female,No,80,21:39,Monday,March,0,18.5045,73.8679,Minor
ACC0132,Kerala,Kochi,Foggy,State Highway,Wet,Daylight,Car,56,Female,No,60,01:08,Saturday,June,1,9.9109,76.3452,Minor
ACC0133,West Bengal,Kolkata,Foggy,Expressway,Wet,Night - Street Lights On,Bus,28,Female,No,120,18:21,Friday,September,6,22.5657,88.3809,Fatal
ACC0134,Gujarat,Surat,Sunny,National Highway,Wet,Night - Street Lights On,Two-Wheeler,44,Male,No,100,20:01,Friday,August,2,21.2036,72.7991,Serious
ACC0135,Madhya Pradesh,Indore,Foggy,Expressway,Wet,Daylight,LCV,28,Female,No,100,01:36,Saturday,February,1,22.7649,75.9019,Serious
ACC0136,Maharashtra,Mumbai,Heavy Rain,Expressway,Slippery,Night - Darkness,LCV,65,Male,No,120,21:30,Friday,July,4,19.0666,72.8647,Fatal
ACC0137,Tamil Nadu,Coimbatore,Foggy,State Highway,Wet,Night - Street Lights On,LCV,30,Male,Yes,70,07:19,Sunday,May,3,11.0103,76.9611,Serious
ACC0138,Uttar Pradesh,Lucknow,Heavy Rain,State Highway,Slippery,Twilight/Dusk,Heavy Truck,36,Male,No,80,12:57,Thursday,June,1,26.8771,80.9444,Serious
ACC0139,Karnataka,Bengaluru,Clear,State Highway,Slippery,Night - Street Lights On,LCV,31,Male,No,80,22:17,Tuesday,February,2,12.8983,77.6675,Minor
ACC0140,Punjab,Amritsar,Mist,Rural Road,Wet,Daylight,Car,21,Male,No,60,15:06,Saturday,March,0,31.6479,74.8311,Minor
ACC0141,Rajasthan,Jaipur,Mist,City Road,Wet,Night - Darkness,Car,36,Male,Yes,40,02:41,Friday,April,3,26.9889,75.7326,Serious
ACC0142,Punjab,Amritsar,Clear,City Road,Dry,Daylight,Auto-Rickshaw,49,Male,No,50,01:00,Wednesday,October,2,31.6697,74.9422,Minor
ACC0143,Tamil Nadu,Chennai,Heavy Rain,Rural Road,Slippery,Twilight/Dusk,LCV,26,Female,No,40,10:10,Saturday,August,2,13.1513,80.2443,Minor
ACC0144,Uttar Pradesh,Kanpur,Clear,State Highway,Gravel,Daylight,Car,57,Female,No,80,10:05,Thursday,November,0,26.4849,80.2542,Minor
ACC0145,Tamil Nadu,Coimbatore,Clear,National Highway,Wet,Night - Darkness,Car,46,Male,No,100,18:00,Wednesday,November,2,11.0939,76.9522,Serious
ACC0146,Punjab,Ludhiana,Heavy Rain,State Highway,Slippery,Daylight,Auto-Rickshaw,61,Male,No,80,09:23,Friday,April,0,30.8588,75.8841,Minor
ACC0147,Tamil Nadu,Madurai,Foggy,State Highway,Wet,Night - Darkness,LCV,52,Male,No,80,02:33,Thursday,September,3,9.9217,78.1126,Serious
ACC0148,Delhi,New Delhi,Clear,Rural Road,Gravel,Daylight,Car,28,Male,No,50,03:43,Tuesday,December,2,28.5464,77.2193,Minor
ACC0149,Gujarat,Surat,Sunny,National Highway,Slippery,Daylight,Auto-Rickshaw,47,Male,No,100,09:46,Monday,July,2,21.1048,72.8328,Serious
ACC0150,Odisha,Bhubaneswar,Clear,National Highway,Slippery,Night - Street Lights On,Two-Wheeler,52,Male,Yes,90,01:18,Thursday,March,3,20.2166,85.7794,Fatal
ACC0151,Haryana,Gurugram,Heavy Rain,State Highway,Slippery,Night - Darkness,LCV,42,Female,Yes,80,17:08,Saturday,June,2,28.4821,77.0633,Fatal
ACC0152,Tamil Nadu,Coimbatore,Clear,Expressway,Dry,Daylight,Heavy Truck,47,Female,No,100,07:29,Wednesday,March,2,11.0957,76.9387,Serious
ACC0153,Uttar Pradesh,Lucknow,Clear,National Highway,Under Construction,Night - Darkness,Two-Wheeler,33,Male,Yes,100,01:28,Friday,November,2,26.9167,80.9822,Fatal
ACC0154,Uttar Pradesh,Varanasi,Clear,Rural Road,Dry,Daylight,Car,50,Male,No,60,18:20,Friday,October,2,25.3561,82.9583,Minor
ACC0155,Odisha,Bhubaneswar,Clear,Rural Road,Dry,Night - Darkness,Heavy Truck,35,Male,No,60,05:40,Saturday,July,3,20.2674,85.7928,Serious
ACC0156,Gujarat,Surat,Mist,City Road,Wet,Twilight/Dusk,Bus,62,Female,No,50,12:11,Sunday,September,1,21.0977,72.8062,Minor
ACC0157,Uttar Pradesh,Varanasi,Mist,Expressway,Wet,Night - Darkness,Two-Wheeler,53,Female,No,100,12:15,Wednesday,April,4,25.3735,82.942,Fatal
ACC0158,Madhya Pradesh,Indore,Clear,National Highway,Gravel,Daylight,Two-Wheeler,35,Female,No,100,01:55,Monday,April,3,22.6523,75.8497,Serious
ACC0159,Punjab,Amritsar,Clear,State Highway,Wet,Daylight,Car,30,Male,No,70,07:44,Friday,December,0,31.6614,74.827,Minor
ACC0160,Kerala,Kochi,Sunny,State Highway,Slippery,Night - Darkness,Bus,37,Male,No,70,03:51,Saturday,August,2,9.9976,76.2756,Serious
ACC0161,Jammu and Kashmir,Srinagar,Clear,Rural Road,Dry,Daylight,Two-Wheeler,34,Female,No,40,10:14,Thursday,October,0,34.0362,74.7674,Minor
ACC0162,Gujarat,Surat,Clear,State Highway,Slippery,Night - Darkness,LCV,28,Male,Yes,80,17:31,Tuesday,September,3,21.1783,72.9021,Serious
ACC0163,Maharashtra,Pune,Clear,National Highway,Dry,Night - Darkness,Car,58,Male,Yes,80,00:13,Friday,August,4,18.5242,73.911,Fatal
ACC0164,Maharashtra,Pune,Foggy,City Road,Wet,Night - Darkness,Two-Wheeler,18,Female,Yes,60,23:17,Friday,May,2,18.5393,73.8834,Fatal
ACC0165,West Bengal,Kolkata,Sunny,Expressway,Dry,Daylight,Car,33,Male,No,120,11:17,Sunday,July,1,22.6227,88.3917,Serious
ACC0166,Delhi,New Delhi,Clear,Expressway,Wet,Daylight,Two-Wheeler,23,Female,No,120,01:40,Monday,December,1,28.6874,77.2024,Serious
ACC0167,Maharashtra,Nagpur,Sunny,State Highway,Gravel,Daylight,Two-Wheeler,32,Male,No,80,18:30,Wednesday,January,0,21.1458,79.0776,Minor
ACC0168,Telangana,Hyderabad,Foggy,National Highway,Wet,Daylight,Bus,19,Male,No,100,12:59,Monday,May,3,17.4531,78.5506,Fatal
ACC0169,Rajasthan,Udaipur,Heavy Rain,Rural Road,Slippery,Night - Street Lights On,Auto-Rickshaw,65,Male,No,40,16:47,Wednesday,January,0,24.5439,73.766,Minor
ACC0170,Kerala,Thiruvananthapuram,Foggy,Rural Road,Wet,Twilight/Dusk,Auto-Rickshaw,38,Male,No,50,15:14,Wednesday,September,1,8.4812,76.8688,Minor
ACC0171,Kerala,Thiruvananthapuram,Heavy Rain,National Highway,Slippery,Twilight/Dusk,Heavy Truck,33,Male,Yes,80,12:45,Sunday,November,3,8.4738,76.9503,Fatal
ACC0172,Punjab,Amritsar,Clear,National Highway,Wet,Night - Darkness,Bus,35,Male,Yes,80,13:28,Friday,September,6,31.6163,74.85,Fatal
ACC0173,Kerala,Thiruvananthapuram,Foggy,National Highway,Wet,Twilight/Dusk,Bus,42,Male,No,90,02:46,Friday,April,6,8.4606,76.8709,Fatal
ACC0174,West Bengal,Kolkata,Clear,State Highway,Wet,Night - Street Lights On,LCV,27,Male,Yes,70,13:19,Thursday,February,1,22.5197,88.3448,Minor
ACC0175,Uttar Pradesh,Kanpur,Heavy Rain,Rural Road,Slippery,Twilight/Dusk,Car,47,Male,No,40,12:21,Sunday,October,1,26.521,80.3672,Minor
ACC0176,Bihar,Patna,Heavy Rain,Rural Road,Slippery,Daylight,Heavy Truck,38,Male,No,40,12:20,Wednesday,December,3,25.6521,85.128,Serious
ACC0177,Madhya Pradesh,Indore,Clear,State Highway,Slippery,Night - Street Lights On,Auto-Rickshaw,41,Male,No,80,05:43,Sunday,September,0,22.7182,75.8698,Minor
ACC0178,Punjab,Amritsar,Heavy Rain,State Highway,Slippery,Daylight,Auto-Rickshaw,61,Female,No,70,07:16,Saturday,March,2,31.6279,74.9056,Minor
ACC0179,Kerala,Thiruvananthapuram,Foggy,City Road,Wet,Twilight/Dusk,Auto-Rickshaw,52,Female,No,50,22:57,Sunday,September,2,8.5704,76.8684,Minor
ACC0180,Madhya Pradesh,Indore,Clear,State Highway,Dry,Twilight/Dusk,Two-Wheeler,54,Female,No,70,13:06,Monday,February,1,22.7859,75.7952,Minor
ACC0181,Uttar Pradesh,Varanasi,Foggy,Rural Road,Wet,Daylight,LCV,41,Female,No,60,18:44,Friday,March,1,25.3193,82.9769,Minor
ACC0182,Maharashtra,Mumbai,Clear,National Highway,Under Construction,Daylight,Bus,37,Male,No,80,16:30,Wednesday,August,1,19.0732,72.845,Serious
ACC0183,Gujarat,Ahmedabad,Clear,State Highway,Dry,Daylight,Two-Wheeler,39,Male,No,60,23:15,Friday,March,2,23.058,72.5638,Minor
ACC0184,Tamil Nadu,Coimbatore,Heavy Rain,Expressway,Slippery,Night - Darkness,Car,29,Female,No,100,14:37,Thursday,July,2,10.9898,76.944,Fatal
ACC0185,Punjab,Ludhiana,Mist,National Highway,Wet,Twilight/Dusk,Two-Wheeler,52,Male,No,80,14:07,Wednesday,November,1,30.8554,75.8218,Minor
ACC0186,West Bengal,Kolkata,Heavy Rain,Rural Road,Slippery,Night - Darkness,Two-Wheeler,40,Male,No,60,22:51,Wednesday,October,3,22.6471,88.334,Serious
ACC0187,Maharashtra,Nagpur,Clear,State Highway,Dry,Daylight,Bus,62,Male,No,70,19:08,Friday,July,1,21.1733,79.0583,Minor
ACC0188,Tamil Nadu,Coimbatore,Mist,Expressway,Wet,Twilight/Dusk,Car,49,Male,No,120,14:39,Monday,June,1,11.0147,76.9618,Serious
ACC0189,Gujarat,Surat,Foggy,Rural Road,Wet,Night - Darkness,Auto-Rickshaw,61,Female,No,50,05:05,Friday,January,1,21.112,72.8815,Serious
ACC0190,Karnataka,Bengaluru,Clear,Expressway,Slippery,Twilight/Dusk,LCV,53,Male,No,120,17:52,Wednesday,September,1,12.8968,77.5506,Serious
ACC0191,Haryana,Gurugram,Heavy Rain,National Highway,Slippery,Daylight,Heavy Truck,20,Female,No,80,14:55,Monday,April,1,28.4945,77.034,Serious
ACC0192,Bihar,Patna,Sunny,Rural Road,Under Construction,Night - Darkness,Car,57,Male,No,40,18:22,Friday,May,2,25.6321,85.1679,Minor
ACC0193,Rajasthan,Jaipur,Clear,State Highway,Gravel,Night - Street Lights On,Two-Wheeler,26,Female,No,80,04:44,Sunday,March,0,26.8593,75.8639,Minor
ACC0194,Tamil Nadu,Madurai,Sunny,City Road,Slippery,Daylight,Heavy Truck,58,Female,No,40,20:50,Sunday,February,1,9.959,78.1724,Minor
ACC0195,West Bengal,Kolkata,Clear,City Road,Slippery,Night - Street Lights On,Two-Wheeler,64,Male,No,60,22:22,Sunday,February,2,22.6126,88.3951,Minor
ACC0196,Kerala,Kochi,Clear,City Road,Wet,Night - Street Lights On,Heavy Truck,39,Male,No,50,21:48,Monday,January,0,9.8861,76.256,Minor
ACC0197,Madhya Pradesh,Indore,Clear,Expressway,Slippery,Night - Darkness,Two-Wheeler,45,Male,No,120,05:55,Wednesday,February,4,22.765,75.8512,Fatal
ACC0198,Uttar Pradesh,Kanpur,Mist,Expressway,Wet,Daylight,Auto-Rickshaw,58,Male,No,100,13:41,Monday,December,1,26.3831,80.3582,Serious
ACC0199,Maharashtra,Mumbai,Foggy,Expressway,Wet,Twilight/Dusk,LCV,18,Male,No,100,13:44,Tuesday,August,1,19.0301,72.8102,Serious
ACC0200,Uttar Pradesh,Varanasi,Clear,National Highway,Wet,Night - Street Lights On,Heavy Truck,26,Female,No,80,20:43,Tuesday,February,3,25.2989,83.0108,Serious
